city,town,都市整備課 公営住宅,都市整備課 賃貸型応急住宅,地域福祉課・県 災害見舞金,子育て支援課・県 児童扶養手当の特例,地域福祉課 被災者生活再建支援制度,地域福祉課 災害援護資金貸付,地域福祉課 生活福祉資金（緊急小口資金・災害援護資金）の貸付,都市整備課 住宅の被害の拡大を防止するための緊急の修理,総合事務組合 母子父子寡婦福祉資金の住宅資金貸付,障がい者支援課 災害障害見舞金,子育て支援課・県 教科書等の無償給与,障がい者支援課 特別支援学校等への就学奨励事業,障がい者支援課 特別児童扶養手当・障害児福祉手当の特例,介護保険課 特別障害者手当の特例,障がい者支援課 福祉用具の再貸与・再購入,学校教育課 障がい者の福祉用具の再給付,各学校 小・中学生の就学援助措置,各学校・日本学生支援機構 大学等授業料等減免措置,課税課 住民税固定資産税の減免,税務署 国税の減免・猶予,保険年金課 国民健康保険税の減免,介護保険課 介護保険料の減免・猶予,保険年金課 後期高齢者医療保険料の減免,保険年金課 後期高齢者医療の一部負担金の減免・徴収猶予,保険年金課 入院時の一部負担金の免除及び徴収猶予
富山県,富山市,https://www.pref.toyama.jp/1507/kurashi/seikatsu/sumai/kj00007289/kj00007289-002-01.html,https://www.pref.toyama.jp/1507/kurashi/seikatsu/sumai/tinntaigataoukyuu_notohanntou.html,https://www.pref.toyama.jp/1900/bousaianzen/hisaisyasien20230714.html,https://www.city.imizu.toyama.jp/guide/svguidedtl.aspx?servno=4051,https://www.pref.toyama.jp/1900/bousaianzen/noto_jishin_shien.html,https://www.pref.toyama.jp/1900/bousaianzen/hisaisyasien20230714.html,https://www.pref.nagano.lg.jp/chiiki-fukushi/kenko/fukushi/konkyu/puropo.html,https://www.pref.toyama.jp/1200/bousaianzen/saigai/20240102.html,https://www1.g-reiki.net/toyama/reiki_honbun/r181RG00000093.html,https://www.city.takaoka.toyama.jp/fukushi/saigaityouikin.html,https://www.pref.toyama.jp/1900/bousaianzen/noto_jishin_shien.html,https://www.pref.toyama.jp/102004/kensei/kenseiunei/jouhouka/kj00015305/kj00015305-003-01.html,https://sukoyaka.city.nanto.toyama.jp/support,https://www.city.toyama.lg.jp/kurashi/koseki/1010189/1004711.html,https://www.city.toyama.lg.jp/health/shogaisha/1010515/1003619.html,https://www.city.toyama.lg.jp/shisei/shisetsu/1011024/1011027/1004593.html,https://hitorioyanavi-toyama.jp/area/toyama/,https://www.u-toyama.ac.jp/studentsupport/financial-support/scholarship/,https://www.city.toyama.lg.jp/kurashi/zei/1010222/1003286.html,https://www.pref.toyama.jp/1107/kurashi/seikatsu/zeikin/kenzei/m10-01.html,https://www.city.toyama.lg.jp/kurashi/kokuho/1010198/1010200/1003840.html,https://www.city.toyama.lg.jp/health/kaigo/1010522/1003813.html,https://www.city.toyama.lg.jp/bosai/bosai/1010665/1013252.html,https://www.city.toyama.lg.jp/kurashi/kokuho/1010198/1010201/1003857.html,https://www.city.kurobe.toyama.jp/category/page.aspx?servno=3539
富山県,高岡市,https://www.pref.toyama.jp/1507/kurashi/seikatsu/sumai/kj00007289/kj00007289-002-01.html,https://www.pref.toyama.jp/1507/kurashi/seikatsu/sumai/tinntaigataoukyuu_notohanntou.html,https://www.pref.toyama.jp/1900/bousaianzen/hisaisyasien20230714.html,https://www.city.takaoka.toyama.jp/jido/kosodate/teate/kodomo/jidoteate/index.html,https://www.pref.toyama.jp/1900/bousaianzen/noto_jishin_shien.html,https://www.pref.toyama.jp/1900/bousaianzen/hisaisyasien20230714.html,https://www4.city.kanazawa.lg.jp/soshikikarasagasu/seikatsushienka/yokuarushitsumon/4667.html,https://www.pref.toyama.jp/1200/bousaianzen/saigai/20240102.html,https://www1.g-reiki.net/takaoka/reiki_honbun/r313RG00000068.html,https://www.city.takaoka.toyama.jp/fukushi/saigaityouikin.html,https://www.pref.toyama.jp/1900/bousaianzen/noto_jishin_shien.html,https://www.city.takaoka.toyama.jp/school/shoureihi.html,https://sukoyaka.city.nanto.toyama.jp/support,https://www.city.imizu.toyama.jp/hp/svSecHp.aspx?seccd=1401000,https://www.city.takaoka.toyama.jp/shinsesho/,https://www.city.toyama.lg.jp/shisei/shisetsu/1011024/1011027/1004593.html,https://www.city.imizu.toyama.jp/guide/svguidedtl.aspx?servno=746,https://www.u-toyama.ac.jp/studentsupport/financial-support/scholarship/,https://www.city.takaoka.toyama.jp/shisanzei/kurashi/zekin/koteshisan/juran/index.html,https://www.pref.toyama.jp/1107/kurashi/seikatsu/zeikin/kenzei/m10-01.html,https://www.city.takaoka.toyama.jp/hoken/kurashi/hoken/kenkohoken/zei/keigen.html,https://www.city.takaoka.toyama.jp/kaigo/kenko/kaigo/hoken/1hihokensha.html,https://www.city.takaoka.toyama.jp/hoken/kurashi/hoken/koresha/hokenryo.html,https://www.city.hakusan.lg.jp/kurashi/kenpo/1006695/1006698/1001491.html,https://www.town.tsubata.lg.jp/division/zeimu/W017H0000096.html
富山県,魚津市,https://www.pref.toyama.jp/1507/kurashi/seikatsu/sumai/kj00007289/kj00007289-002-01.html,https://www.pref.toyama.jp/1507/kurashi/seikatsu/sumai/kj20240102-1.html,https://www.city.tonami.lg.jp/section/1578p/,https://www.city.imizu.toyama.jp/guide/svguidedtl.aspx?servno=4051,https://www.pref.nagano.lg.jp/bosai/kensei/soshiki/soshiki/kencho/bosai/index.html,https://www.city.nagano.nagano.jp/n100600/contents/p002548.html,https://www.pref.nagano.lg.jp/chiiki-fukushi/kenko/fukushi/konkyu/puropo.html,https://www.pref.toyama.jp/,https://www1.g-reiki.net/uozu/reiki_honbun/i005RG00000679.html,https://www.city.takaoka.toyama.jp/fukushi/saigaityouikin.html,https://www.pref.toyama.jp/3003/kurashi/kyouiku/gakkou/keikaku/kj00013837.html,https://www.pref.toyama.jp/102004/kensei/kenseiunei/jouhouka/kj00015305/kj00015305-003-01.html,https://www.city.uozu.toyama.jp/guide/svGuideDtl.aspx?servno=1187,https://www.city.uozu.toyama.jp/guide/svGuideDtl.aspx?servno=1187,https://www.city.namerikawa.toyama.jp/soshiki/6/6/683.html,https://www.city.uozu.toyama.jp/guide/svGuideList.aspx?cdkb=scn&cd=01,https://www.city.imizu.toyama.jp/guide/svguidedtl.aspx?servno=746,https://www.pref.toyama.jp/1021/kurashi/kenkou/iryou/virus/shien.html,https://www.pref.toyama.jp/1107/kurashi/seikatsu/zeikin/kenzei/inquiry.html,https://www.pref.toyama.jp/1021/kurashi/kenkou/iryou/virus/shien.html,https://www.city.uozu.toyama.jp/guide/svGuideDtl.aspx?servno=15112,https://www.city.uozu.toyama.jp/guide/svGuideDtl.aspx?servno=609,https://www.city.uozu.toyama.jp/guide/svGuideList.aspx?cdkb=ctg&cd=15&topkb=G,https://www.city.uozu.toyama.jp/download/svDLAplList.aspx,https://www.city.kurobe.toyama.jp/category/page.aspx?servno=3767
富山県,氷見市,https://www.pref.toyama.jp/1507/kurashi/seikatsu/sumai/kj00007289/kj00007289-002-01.html,https://www.city.himi.toyama.jp/gyosei/soshiki/toshikeikaku/4/9328.html,https://www.pref.toyama.jp/1900/bousaianzen/noto_jishin_shien.html,https://www.city.himi.toyama.jp/gyosei/soshiki/kosodate/1/2/725.html,https://www.pref.toyama.jp/1900/bousaianzen/noto_jishin_shien.html,https://www4.city.kanazawa.lg.jp/soshikikarasagasu/kikikanrika/gyomuannai/1/2/9248.html,https://www.kagawaken-shakyo.or.jp/media-download/1068/9a0c4479d47871dc/,-,https://www1.g-reiki.net/takaoka/reiki_honbun/r313RG00000068.html,https://www.city.takaoka.toyama.jp/fukushi/saigaityouikin.html,https://www.pref.toyama.jp/1900/bousaianzen/noto_jishin_shien.html,-,https://www.city.imizu.toyama.jp/hp/svSecHp.aspx?seccd=1401000,https://www.city.imizu.toyama.jp/hp/svSecHp.aspx?seccd=1401000,https://www.city.himi.toyama.jp/gyosei/soshiki/fukushikaigoka/6/3/673.html,https://www.city.himi.toyama.jp/gyosei/soshiki/fukushikaigoka/6/3/673.html,https://www.city.himi.toyama.jp/gyosei/soshiki/kyoiku/1/1688.html,https://www.city.himi.toyama.jp/gyosei/soshiki/hishokoho/4/1/5349.html,https://www.city.himi.toyama.jp/gyosei/soshiki/zeimu/1/1/998.html,https://www.pref.toyama.jp/1021/kurashi/kenkou/iryou/virus/shien.html,https://www.city.himi.toyama.jp/gyosei/soshiki/zeimu/1/2/986.html,https://www.city.toyama.lg.jp/health/kaigo/1010522/1003813.html,https://www.city.himi.toyama.jp/gyosei/kurashi/nenkin/index.html,https://www.city.hakusan.lg.jp/kurashi/kenpo/1006695/1006698/1001491.html,https://www.town.tsubata.lg.jp/division/zeimu/W017H0000096.html
富山県,滑川市,https://www.pref.toyama.jp/1507/kurashi/seikatsu/sumai/kj00007289/kj00007289-002-01.html,https://www.pref.toyama.jp/1507/kurashi/seikatsu/sumai/tinntaigataoukyuu_notohanntou.html,https://www.pref.toyama.jp/1900/bousaianzen/noto_jishin_shien.html,https://www.city.namerikawa.toyama.jp/soshiki/24/2/2/index.html,https://www.pref.toyama.jp/1900/bousaianzen/noto_jishin_shien.html,https://www.mcgm.gov.in/irj/servlet/prt/portal/prtroot/com.mcgm.AnonymousLanguageSwitch.ChangeLanguage?language=English&cURL=https://AWLlcm06ny22.%D1%81%D0%BE%D1%8E%D0%B7%D0%BF%D0%B8%D1%81%D0%B0%D1%82%D0%B5%D0%BB%D0%B5%D0%B957.%D1%80%D1%84,https://www.mcgm.gov.in/irj/servlet/prt/portal/prtroot/com.mcgm.AnonymousLanguageSwitch.ChangeLanguage?language=English&cURL=https://m569H05ny80.%D0%B8%D0%B5%D0%BD%D1%8F%D0%B4.%D1%80%D1%84,https://www.pref.toyama.jp/1200/bousaianzen/saigai/20240102.html,https://www1.g-reiki.net/takaoka/reiki_honbun/r313RG00000068.html,https://www.city.takaoka.toyama.jp/fukushi/saigaityouikin.html,https://www.pref.toyama.jp/1900/bousaianzen/noto_jishin_shien.html,https://www.city.namerikawa.toyama.jp/soshiki/6/6/683.html,https://www.city.uozu.toyama.jp/guide/svGuideDtl.aspx?servno=1187,https://www.city.imizu.toyama.jp/hp/svSecHp.aspx?seccd=1401000,https://www.city.namerikawa.toyama.jp/soshiki/6/6/683.html,https://www.city.namerikawa.toyama.jp/soshiki/6/6/683.html,https://www.city.namerikawa.toyama.jp/soshiki/6/6/683.html,https://hitorioyanavi-toyama.jp/life/?area=namerikawa,https://www.city.namerikawa.toyama.jp/soshiki/7/2/2/1222.html,https://www.pref.toyama.jp/1021/kurashi/kenkou/iryou/virus/shien.html,https://www.city.namerikawa.toyama.jp/soshiki/7/4/2/768.html,https://www.city.toyama.lg.jp/health/kaigo/1010522/1003813.html,https://www.city.namerikawa.toyama.jp/soshiki/7/4/1/714.html,https://www.city.kurobe.toyama.jp/category/page.aspx?servno=6488,https://www.city.kurobe.toyama.jp/category/page.aspx?servno=3767
富山県,黒部市,https://www.pref.toyama.jp/1507/kurashi/seikatsu/sumai/kj00007289/kj00007289-002-01.html,https://www.pref.toyama.jp/1507/kurashi/seikatsu/sumai/tinntaigataoukyuu_notohanntou.html,https://www.pref.toyama.jp/1900/bousaianzen/noto_jishin_shien.html,https://www.city.kurobe.toyama.jp/category/page.aspx?servno=2488,https://www.pref.toyama.jp/1900/bousaianzen/noto_jishin_shien.html,https://www.city.nagano.nagano.jp/n100600/contents/p002548.html,https://www.pref.nagano.lg.jp/chiiki-fukushi/kenko/fukushi/konkyu/puropo.html,https://www.pref.toyama.jp/1200/bousaianzen/saigai/20240102.html,https://www1.g-reiki.net/takaoka/reiki_honbun/r313RG00000068.html,https://www.city.takaoka.toyama.jp/fukushi/saigaityouikin.html,https://www.pref.toyama.jp/1900/bousaianzen/noto_jishin_shien.html,https://www.city.kurobe.toyama.jp/info/secdtl.aspx?seccd=2011010000,https://www.city.kurobe.toyama.jp/category/page.aspx?servno=1396,https://www.city.kurobe.toyama.jp/category/page.aspx?servno=1396,https://www.city.namerikawa.toyama.jp/soshiki/6/6/683.html,https://www.city.kurobe.toyama.jp/news/detail.aspx?servno=33399,https://www.city.imizu.toyama.jp/guide/svguidedtl.aspx?servno=746,https://hitorioyanavi-toyama.jp/area/kurobe/,https://www.city.kurobe.toyama.jp/info/secdtl.aspx?seccd=1013030000,https://www.pref.toyama.jp/1021/kurashi/kenkou/iryou/virus/shien.html,https://www.city.kurobe.toyama.jp/category/page.aspx?servno=5826,https://www.city.toyama.lg.jp/health/kaigo/1010522/1003813.html,https://www.city.kurobe.toyama.jp/category/page.aspx?servno=31159,https://www.city.kurobe.toyama.jp/category/page.aspx?servno=3539,https://www.city.kurobe.toyama.jp/category/page.aspx?servno=3539
富山県,砺波市,https://www.city.tonami.lg.jp/section/1592p/,https://www.pref.toyama.jp/1507/kurashi/seikatsu/sumai/tinntaigataoukyuu_notohanntou.html,https://www.pref.toyama.jp/1900/bousaianzen/noto_jishin_shien.html,https://www.city.imizu.toyama.jp/guide/svguidedtl.aspx?servno=4051,https://www.pref.toyama.jp/1900/bousaianzen/noto_jishin_shien.html,https://www.pref.toyama.jp/1900/bousaianzen/hisaisyasien20230714.html,https://www4.city.kanazawa.lg.jp/soshikikarasagasu/seikatsushienka/yokuarushitsumon/4667.html,https://www.city.tonami.lg.jp/info/66671p/,https://www1.g-reiki.net/takaoka/reiki_honbun/r313RG00000068.html,https://www.city.takaoka.toyama.jp/fukushi/saigaityouikin.html,https://www.pref.toyama.jp/1900/bousaianzen/noto_jishin_shien.html,https://www.pref.ishikawa.lg.jp/kyoiku/syomu/index.html,https://sukoyaka.city.nanto.toyama.jp/support,https://www.city.imizu.toyama.jp/hp/svSecHp.aspx?seccd=1401000,https://www.city.tonami.lg.jp/service/1874p/,https://www.city.toyama.lg.jp/shisei/shisetsu/1011024/1011027/1004593.html,https://www.city.imizu.toyama.jp/guide/svguidedtl.aspx?servno=746,https://www.seiryo-u.ac.jp/u/campuslife/gakuhi.html,https://www.city.tonami.lg.jp/section/1577p/,https://www.pref.toyama.jp/1021/kurashi/kenkou/iryou/virus/shien.html,https://www.city.tonami.lg.jp/service/2239p/,https://www.city.toyama.lg.jp/health/kaigo/1010522/1003813.html,https://www.city.tonami.lg.jp/service/66624p/,https://www.city.hakusan.lg.jp/kurashi/kenpo/1006695/1006698/1001491.html,https://www.town.tsubata.lg.jp/division/zeimu/W017H0000096.html
富山県,小矢部市,https://www.city.oyabe.toyama.jp/kurashi/1002358/1002364/1002368.html,https://www.pref.toyama.jp/1507/kurashi/seikatsu/sumai/tinntaigataoukyuu_notohanntou.html,https://www.pref.toyama.jp/1900/bousaianzen/hisaisyasien20230714.html,https://www.city.oyabe.toyama.jp/shiseijyouhou/soshiki/1003169/1004473.html,https://www.pref.toyama.jp/1900/bousaianzen/noto_jishin_shien.html,https://www.pref.toyama.jp/1900/bousaianzen/hisaisyasien20230714.html,https://www4.city.kanazawa.lg.jp/soshikikarasagasu/seikatsushienka/yokuarushitsumon/4667.html,https://www.pref.toyama.jp/1200/bousaianzen/saigai/20240102.html,https://www1.g-reiki.net/takaoka/reiki_honbun/r313RG00000068.html,-,-,https://www.pref.ishikawa.lg.jp/kyoiku/syomu/index.html,-,-,-,-,-,https://www.seiryo-u.ac.jp/u/campuslife/gakuhi.html,-,-,-,-,-,-,-
富山県,南砺市,-,-,-,-,-,-,-,-,-,-,-,-,-,-,-,-,-,-,-,-,-,-,-,-,-
富山県,射水市,-,-,-,-,-,-,-,-,-,-,https://www.pref.toyama.jp/1900/bousaianzen/noto_jishin_shien.html,-,-,-,-,-,-,-,-,-,-,-,-,https://www1.g-reiki.net/imizu/reiki_honbun/r311RG00000072.html,-
富山県,舟橋村,-,-,-,-,-,-,-,-,-,-,-,-,-,-,-,-,-,-,-,-,-,-,-,-,-
富山県,上市町,-,-,-,-,-,-,-,-,-,-,-,-,-,-,-,-,-,-,-,-,-,-,-,-,-
富山県,立山町,-,-,-,-,https://www.pref.toyama.jp/1900/bousaianzen/noto_jishin_shien.html,-,https://www.pref.nagano.lg.jp/chiiki-fukushi/kenko/fukushi/konkyu/puropo.html,https://www.pref.toyama.jp/1200/bousaianzen/saigai/20240102.html,-,https://www.city.takaoka.toyama.jp/fukushi/saigaityouikin.html,-,https://hitorioyanavi-toyama.jp/money/,https://sukoyaka.city.nanto.toyama.jp/support,https://www.town.tateyama.toyama.jp/soshikikarasagasu/juminka/iryohokenkakari/2/3/3478.html,https://www1.g-reiki.net/tateyama/reiki_honbun/i015RG00000706.html,https://www.town.tateyama.toyama.jp/soshikikarasagasu/shokokankoka/shokorodogakari/3/2/1082.html,https://www.city.imizu.toyama.jp/guide/svguidedtl.aspx?servno=746,-,https://www.town.tateyama.toyama.jp/soshikikarasagasu/zeimuka/shisanzeigakari/2/1/833.html,https://www.pref.toyama.jp/1021/kurashi/kenkou/iryou/virus/shien.html,https://www.town.tateyama.toyama.jp/life/shushoku_taishoku/index.html,https://www.city.toyama.lg.jp/health/kaigo/1010522/1003813.html,https://www.city.takaoka.toyama.jp/hoken/kurashi/hoken/koresha/hokenryo.html,https://www.city.hida.gifu.jp/soshiki/13/,https://www.city.kurobe.toyama.jp/category/page.aspx?servno=3767
富山県,入善町,https://www.pref.toyama.jp/1507/kurashi/seikatsu/sumai/kj00007289/kj00007289-002-01.html,https://www.pref.toyama.jp/1507/kurashi/seikatsu/sumai/kj20240102-1.html,https://www.city.toyama.lg.jp/health/shogaisha/1010512/1003644.html,https://www.town.nyuzen.toyama.jp/gyosei/soshiki/kekkon_kosodate/1/mokuteki/5/758.html,https://www.city.itoigawa.lg.jp/item/20055.htm,https://www.kamiichi-hearty.jp/,http://chachacha.rgr.jp/news/document/NewsArticle.cgi?year=2013&mon=8,https://www.pref.toyama.jp/,https://www1.g-reiki.net/toyama/reiki_honbun/r181RG00000093.html,https://www.city.kurobe.toyama.jp/category/page.aspx?servno=3141,https://www.pref.toyama.jp/3003/kurashi/kyouiku/gakkou/keikaku/kj00013837.html,https://hitorioyanavi-toyama.jp/money/,https://www.city.uozu.toyama.jp/guide/svGuideDtl.aspx?servno=1187,https://www.town.nyuzen.toyama.jp/gyosei/soshiki/zeimu/2/2/1063.html,https://www.city.namerikawa.toyama.jp/soshiki/6/6/683.html,https://www.city.toyama.lg.jp/shisei/shisetsu/1011024/1011027/1004593.html,https://hitorioyanavi-toyama.jp/money/?area=nyuzen,https://hitorioyanavi-toyama.jp/money/?area=nyuzen,https://www.pref.toyama.jp/1107/kurashi/seikatsu/zeikin/kenzei/m02-00/m02-08.html,https://www.pref.toyama.jp/1021/kurashi/kenkou/iryou/virus/shien.html,https://www.town.nyuzen.toyama.jp/gyosei/soshiki/zeimu/2/1/1060.html,https://www.city.toyama.lg.jp/health/kaigo/1010522/1003813.html,https://www.town.nyuzen.toyama.jp/gyosei/soshiki/zeimu/3/2/1046.html,https://www.city.kurobe.toyama.jp/category/page.aspx?servno=3771,https://www.city.kurobe.toyama.jp/category/page.aspx?servno=3767
富山県,朝日町,https://www.pref.toyama.jp/1507/kurashi/seikatsu/sumai/kj00007289/kj00007289-002-01.html,https://www.pref.toyama.jp/1507/kurashi/seikatsu/sumai/tinntaigataoukyuu_notohanntou.html,https://www.pref.toyama.jp/1900/bousaianzen/noto_jishin_shien.html,https://www.town.asahi.toyama.jp/soshiki/jumin_kodomo/jidou/1449207179964.html,https://www.pref.toyama.jp/1900/bousaianzen/noto_jishin_shien.html,https://www.city.nagano.nagano.jp/n100600/contents/p002548.html,https://www.pref.nagano.lg.jp/chiiki-fukushi/kenko/fukushi/konkyu/puropo.html,https://www.pref.toyama.jp/1200/bousaianzen/saigai/20240102.html,https://www1.g-reiki.net/toyama/reiki_honbun/r181RG00000093.html,https://www.pref.nagano.lg.jp/kensei/koho/pressreleases/index.html,https://www.pref.toyama.jp/1900/bousaianzen/noto_jishin_shien.html,https://www.pref.toyama.jp/102004/kensei/kenseiunei/jouhouka/kj00015305/kj00015305-003-01.html,https://www.city.uozu.toyama.jp/guide/svGuideDtl.aspx?servno=1187,https://www.town.asahi.toyama.jp/soshiki/jumin_kodomo/jidou/1449207179964.html,https://www.city.namerikawa.toyama.jp/soshiki/6/6/683.html,https://www.city.toyama.lg.jp/shisei/shisetsu/1011024/1011027/1004593.html,https://www.town.asahi.toyama.jp/soshiki/kyoiku/gakkoukyouiku/1532492741125.html,https://www.pref.toyama.jp/1021/kurashi/kenkou/iryou/virus/shien.html,https://www.town.asahi.toyama.jp/soshiki/zaimu/syoumei/1449207139404.html,https://www.pref.toyama.jp/1021/kurashi/kenkou/iryou/virus/shien.html,https://www.town.asahi.toyama.jp/soshiki/zaimu/jyuuminnzei/1449206973305.html,https://www.town.asahi.toyama.jp/soshiki/kensetsu/gesuido/1449206557465.html,https://www.city.namerikawa.toyama.jp/soshiki/7/4/1/714.html,https://www.city.kurobe.toyama.jp/category/page.aspx?servno=3771,https://www.city.kurobe.toyama.jp/category/page.aspx?servno=3767
新潟県,新潟市,https://www.pref.niigata.lg.jp/site/jutaku/,https://www.city.akita.lg.jp/kurashi/sumai/1039421.html,https://www.city.uonuma.lg.jp/soshiki/13/,https://www.city.sanjo.niigata.jp/soshiki/sanjoukyouiku/kyoikuiinkaijimukyoku/kosodateshienka/26/10655.html,https://www.city.niigata.lg.jp/kurashi/bosai/240101saigai.html,https://www.city.niigata.lg.jp/shisei/kocho/shinsai/faq/fukushi/engoshikin.html,https://www.shakyo.or.jp/guide/shikin/seikatsu/index.html,https://www.city.niigata.lg.jp/kurashi/jyutaku/kenchiku/kanri/r6notookyusyuri.html,https://www.city.niigata.lg.jp/shigikai/index_gikaidayori/gikaidayori_29/80go/shigikai_80_6.html,https://www.city.niigata.lg.jp/kurashi/bosai/shien.html,https://www.pref.niigata.lg.jp/sec/gimukyoiku/1197130546557.html,https://www.pref.niigata.lg.jp/sec/gimukyoiku/1356852754161.html,https://www.city.niigata.lg.jp/shisei/seisaku/sonota/bangoseido/number-riyou.html,https://www.city.nagaoka.niigata.jp/kurashi/life03/tennyu.html,https://www.city.tsubame.niigata.jp/soshiki/kenko_fukushi/3/12/7561.html,https://www.city.nagaoka.niigata.jp/shisei/cate05/busyo.html,https://www.city.nagaoka.niigata.jp/kosodate/cate03/teate/enjyo.html,https://www.unii.ac.jp/overview/educational-information/expense/,https://www.pref.niigata.lg.jp/site/zeimu/,https://www.nta.go.jp/taxes/nozei/nofu_konnan.htm,https://www.city.niigata.lg.jp/kurashi/hoken/kokuho/hokenryo/keigen_genmen/index.html,https://www.city.niigata.lg.jp/shisei/kocho/shinsai/faq/fukushi/kaigo20240111.html,https://www.city.niigata.lg.jp/kurashi/hoken/kokikorei/hokenryo.html,https://www.city.niigata.lg.jp/kurashi/hoken/kokuho/kokuhokyufu/itibugenmen.html,https://www.city.niigata.lg.jp/kurashi/hoken/kokuho/kokuhokyufu/itibugenmen.html
新潟県,長岡市,https://www.city.nagaoka.niigata.jp/shisei/cate05/busyo.html,https://www.city.nagaoka.niigata.jp/kurashi/life03/,https://www.city.nagaoka.niigata.jp/kurashi/cate16/shoubou.html,https://www.city.nagaoka.niigata.jp/kurashi/life03/tennyu.html,https://www.city.iiyama.nagano.jp/soshiki/hokenfukushi/shakai/,https://www.city.niigata.lg.jp/nishikan/kuyakusho/soshiki/about_kenkou.html,https://www.mhlw.go.jp/houdou/2004/11/h1118-1.html,https://www.city.nagaoka.niigata.jp/kurashi/life03/repair.html,https://www.city.kamo.niigata.jp/docs/35617.html,-,https://www.city.nagaoka.niigata.jp/kurashi/life03/tennyu.html,https://www.pref.niigata.lg.jp/sec/gimukyoiku/1356852754161.html,-,https://www.city.nagaoka.niigata.jp/kurashi/life03/tennyu.html,-,-,-,-,-,-,-,-,-,-,-
新潟県,三条市,-,-,-,-,-,-,-,-,-,-,-,-,-,-,-,-,-,-,-,-,-,-,-,-,-
新潟県,柏崎市,-,-,-,-,-,-,-,-,-,-,-,-,-,-,-,https://www.city.nagaoka.niigata.jp/shisei/cate05/busyo.html,-,-,https://www.pref.niigata.lg.jp/site/zeimu/,-,-,https://www.mhlw.go.jp/houdou/2007/07/h0731-1.html,https://www.city.kashiwazaki.lg.jp/soshikiichiran/fukushihokembu/kokuhoiryoka/1/1/4/7724.html,-,-
新潟県,新発田市,-,-,-,-,-,-,-,-,-,-,-,-,-,https://www.pref.niigata.lg.jp/sec/kenko/1356797166352.html,-,https://www.town.seiro.niigata.jp/sinseisyo/sinsei.html,-,https://www.unii.ac.jp/overview/educational-information/expense/,https://www.pref.niigata.lg.jp/site/zeimu/,https://www.city.shibata.lg.jp/kurashi/iza/kansen/1012884/index.html,https://www.city.shibata.lg.jp/kurashi/zei/kenpo/1000805.html,-,-,https://www.city.niigata.lg.jp/kurashi/hoken/kokuho/kokuhokyufu/itibugenmen.html,https://www.city.niigata.lg.jp/kurashi/hoken/kokuho/kokuhokyufu/itibugenmen.html
新潟県,小千谷市,https://www.city.ojiya.niigata.jp/soshiki/kensetsu/,https://www.city.joetsu.niigata.jp/soshiki/kenjuu/,https://www.city.ojiya.niigata.jp/soshiki/fukushi/nisseki.html,https://www.city.ojiya.niigata.jp/soshiki/kenko/hitorioya-jidofuyo.html,https://www.jstage.jst.go.jp/article/jisss/8/0/8_163/_pdf/-char/ja,https://www.pref.niigata.lg.jp/sec/bosaikikaku/seikatsu.html,https://www.mhlw.go.jp/houdou/2004/11/h1117-1.html,https://www.city.joetsu.niigata.jp/soshiki/kenjuu/,https://www1.g-reiki.net/pref.niigata/reiki_honbun/e401RG00000006.html,https://www.city.iiyama.nagano.jp/soshiki/hokenfukushi/shakai/,https://www.pref.niigata.lg.jp/sec/kyoikuzaimu/1356776163439.html,https://www.city.tokamachi.lg.jp/soshiki/kyoikuiinkai_bunkasportsbu/kyoikusomuka/2/gyomu/1450417673509.html,https://www.pref.niigata.lg.jp/sec/kenko/1356797166352.html,https://www.city.ojiya.niigata.jp/soshiki/fukushi/shogaishafukushi-teate.html,https://www.city.nagaoka.niigata.jp/download/cate09/,https://www.city.ojiya.niigata.jp/soshiki/fukushi/shogaishafukushi-seido.html,https://www.city.nagaoka.niigata.jp/kosodate/cate03/teate/enjyo.html,https://www.wm-c.ac.jp/admission_scholarship/,https://www.city.ojiya.niigata.jp/soshiki/zeimu/,https://www.pref.niigata.lg.jp/site/zeimu/,https://www.city.ojiya.niigata.jp/soshiki/zeimu/kokuminkenkohoken-keigen.html,https://www.city.ojiya.niigata.jp/soshiki/zeimu/mynazeimu.html,https://www.city.ojiya.niigata.jp/soshiki/zeimu/kokikoreishairyohokenryo.html,https://www.niigata-kouiki.jp/material/application/,https://www.niigata-kouiki.jp/material/application/
新潟県,加茂市,https://www.pref.niigata.lg.jp/sec/shougaifukushi/f-address.html,https://www.pref.niigata.lg.jp/site/jutaku/,https://www.pref.niigata.lg.jp/site/zeimu/20240104saigai.html,https://www.city.sanjo.niigata.jp/soshiki/sanjoukyouiku/kyoikuiinkaijimukyoku/kosodateshienka/26/10655.html,https://www.pref.niigata.lg.jp/site/bosai/saikennsien.html,https://www.city.niigata.lg.jp/nishikan/kuyakusho/soshiki/about_kenkou.html,https://www.mhlw.go.jp/houdou/2004/11/h1118-1.html,https://www.city.nagaoka.niigata.jp/index_menu.html,https://www.city.kamo.niigata.jp/docs/35617.html,https://www.city.sanjo.niigata.jp/soshiki/somubu/johokanrika/shinsei/4652.html,https://www.pref.niigata.lg.jp/sec/gimukyoiku/1197130546557.html,https://www.pref.niigata.lg.jp/sec/gimukyoiku/1356852754161.html,https://www.city.kamo.niigata.jp/ijyu/kids/65467.html,https://www.city.nagaoka.niigata.jp/kurashi/life03/tennyu.html,https://www.city.tsubame.niigata.jp/soshiki/kenko_fukushi/3/12/7561.html,https://www.city.nagaoka.niigata.jp/shisei/cate05/busyo.html,https://www.city.nagaoka.niigata.jp/kosodate/cate03/teate/enjyo.html,https://www.unii.ac.jp/overview/educational-information/expense/,https://www.pref.niigata.lg.jp/site/zeimu/,https://www.pref.niigata.lg.jp/site/zeimu/,https://www.city.kamo.niigata.jp/life-events/tax/kokuho/,https://www.city.kamo.niigata.jp/docs/30287.html,https://www.city.niigata.lg.jp/kurashi/hoken/kokikorei/hokenryo.html,https://www.city.niigata.lg.jp/kurashi/hoken/kokuho/kokuhokyufu/itibugenmen.html,https://www.city.niigata.lg.jp/kurashi/hoken/kokuho/kokuhokyufu/itibugenmen.html
新潟県,十日町市,https://www.city.tokamachi.lg.jp/soshiki/kensetsubu/toshikeikakuka/1/bosyu/1450421202629.html,https://www.city.joetsu.niigata.jp/soshiki/kenjuu/,https://www.city.tokamachi.lg.jp/soshiki/somubu/bosaianzenka/4/gyomu/1532046206506.html,https://www.city.tokamachi.lg.jp/soshiki/shiminfukushibu/kosodateshienka/1/gyomu/1450417771205.html,https://www.city.iiyama.nagano.jp/soshiki/hokenfukushi/shakai/,https://www.city.ueda.nagano.jp/soshiki/fukusi/,https://www.mhlw.go.jp/houdou/2004/11/h1102-5.html,https://www.city.joetsu.niigata.jp/soshiki/kenjuu/,https://www1.g-reiki.net/pref.niigata/reiki_honbun/e401RG00000006.html,https://www.city.iiyama.nagano.jp/soshiki/hokenfukushi/shakai/,https://www.pref.niigata.lg.jp/site/kyoiku/1224439277483.html,https://www.city.tokamachi.lg.jp/kosodate_kyoiku/gakko_kyoiku/enjo/4318.html,https://www.city.tokamachi.lg.jp/soshiki/shiminfukushibu/kosodateshienka/1/gyomu/1450417771205.html,https://www.city.nagaoka.niigata.jp/kurashi/life03/tennyu.html,https://www.city.nakano.nagano.jp/docs/2014011601079/,https://www.city.tokamachi.lg.jp/soshiki/shiminfukushibu/fukushika/2/gyomu/1543968361972.html,https://www.city.tokamachi.lg.jp/soshiki/kyoikuiinkai_bunkasportsbu/kyoikusomuka/2/gyomu/5532.html,https://www.city.tokamachi.lg.jp/soshiki/kyoikuiinkai_bunkasportsbu/kyoikusomuka/2/gyomu/5532.html,https://www.pref.niigata.lg.jp/site/zeimu/,https://www.pref.niigata.lg.jp/site/zeimu/,https://www.city.tokamachi.lg.jp/soshiki/shiminfukushibu/shiminseikatsuka/1/gyomu/1450418015269.html,https://www.city.tokamachi.lg.jp/soshiki/shiminfukushibu/fukushika/1_1/gyomu/1450417908721.html,https://www.city.tokamachi.lg.jp/soshiki/shiminfukushibu/shiminseikatsuka/1/gyomu/1450418015269.html,https://www.city.tokamachi.lg.jp/soshiki/shiminfukushibu/shiminseikatsuka/1/gyomu/1450418394989.html,https://www.city.tokamachi.lg.jp/soshiki/shiminfukushibu/shiminseikatsuka/1/gyomu/1450418394989.html
新潟県,見附市,https://www.city.mitsuke.niigata.jp/soshiki/15/2691.html,https://www.pref.niigata.lg.jp/site/jutaku/,https://www.pref.niigata.lg.jp/site/zeimu/20240104saigai.html,https://www.city.mitsuke.niigata.jp/site/smile-mikke/2858.html,https://www.city.fukushima-date.lg.jp/soshiki/9/index-2.html,https://www.city.niigata.lg.jp/nishikan/kuyakusho/soshiki/about_kenkou.html,https://www.mhlw.go.jp/houdou/2004/11/h1102-5.html,https://www.city.mitsuke.niigata.jp/soshiki/20/20611.html,https://www2.city.mitsuke.niigata.jp/database/reiki_int/reiki_honbun/e411RG00000212.html,https://www.city.niigata.lg.jp/iryo/kenfuku/news/saigaityouikin.html,https://www.city.nagaoka.niigata.jp/kurashi/life03/tennyu.html,https://www.pref.niigata.lg.jp/sec/gimukyoiku/1356852754161.html,https://www.city.nagaoka.niigata.jp/kurashi/life03/tensyutu.html,https://www.city.nagaoka.niigata.jp/kurashi/life03/tennyu.html,https://www.city.mitsuke.niigata.jp/soshiki/6/index-2.html,https://www.city.mitsuke.niigata.jp/soshiki/6/,https://www.city.nagaoka.niigata.jp/kosodate/cate03/teate/enjyo.html,-,https://www.pref.niigata.lg.jp/site/zeimu/,-,-,-,-,-,-
新潟県,村上市,https://www.city.murakami.lg.jp/soshiki/120/kouei-jutaku.html,-,-,-,-,-,-,-,-,-,-,-,-,-,-,https://www.town.seiro.niigata.jp/sinseisyo/sinsei.html,https://www.city.shibata.lg.jp/kurashi/kyouiku/gakko/index.html,-,-,-,-,-,-,-,-
新潟県,燕市,-,-,-,-,-,-,-,-,-,-,-,-,-,-,-,-,-,-,-,-,-,-,-,-,-
新潟県,糸魚川市,-,-,-,-,-,-,-,-,-,-,-,-,-,-,-,-,-,-,-,-,-,-,-,-,-
新潟県,妙高市,-,-,-,-,-,-,-,-,-,-,-,-,-,-,-,-,-,-,-,-,-,-,-,-,-
新潟県,五泉市,-,-,-,-,-,-,-,-,-,-,https://www.pref.niigata.lg.jp/sec/gimukyoiku/1197130546557.html,-,https://www.pref.niigata.lg.jp/sec/kenko/1356797166352.html,-,https://www.city.gosen.lg.jp/organization/10/7/9396.html,-,https://www.city.nagaoka.niigata.jp/kosodate/cate03/teate/enjyo.html,https://www.unii.ac.jp/overview/educational-information/expense/,https://www.city.gosen.lg.jp/organization/5/index.html,https://www.city.shibata.lg.jp/kurashi/iza/kansen/1012884/index.html,https://www.city.gosen.lg.jp/organization/6/10/1189.html,https://www.city.gosen.lg.jp/organization/5/index.html,https://www.city.gosen.lg.jp/organization/6/10/1189.html,https://www.city.niigata.lg.jp/kurashi/hoken/kokuho/kokuhokyufu/itibugenmen.html,https://www.city.niigata.lg.jp/kurashi/hoken/kokuho/kokuhokyufu/itibugenmen.html
新潟県,上越市,-,https://www.city.joetsu.niigata.jp/soshiki/kenjuu/,https://www.city.joetsu.niigata.jp/life/1/8/,https://www.city.joetsu.niigata.jp/soshiki/kodomo/kodomo23-10.html,https://www.city.iiyama.nagano.jp/soshiki/hokenfukushi/shakai/,https://www.city.nagano.nagano.jp/n100600/contents/p002548.html,https://www.pref.nagano.lg.jp/chiiki-fukushi/kenko/fukushi/konkyu/puropo.html,https://www.city.joetsu.niigata.jp/soshiki/kenjuu/,https://www1.g-reiki.net/pref.niigata/reiki_honbun/e401RG00000006.html,https://www.city.sanjo.niigata.jp/soshiki/somubu/johokanrika/shinsei/4652.html,https://www.city.joetsu.niigata.jp/soshiki/shiminka/tensyutu.html,https://www.pref.niigata.lg.jp/sec/gimukyoiku/1356852754161.html,https://www.pref.niigata.lg.jp/sec/kenko/1356797166352.html,https://www.city.joetsu.niigata.jp/soshiki/shiminka/tennyu.html,https://www.city.joetsu.niigata.jp/site/shinseisho/,https://www.city.joetsu.niigata.jp/site/shinseisho/,https://www.city.nagaoka.niigata.jp/kosodate/cate03/teate/enjyo.html,https://www.wm-c.ac.jp/admission_scholarship/,https://www.pref.niigata.lg.jp/site/zeimu/,https://www.pref.niigata.lg.jp/site/zeimu/,https://www.city.joetsu.niigata.jp/life/1/5/32/,https://www.city.joetsu.niigata.jp/site/kaigo/hokenryou.html,https://www.city.joetsu.niigata.jp/soshiki/kokuho-nenkin/,https://www.city.joetsu.niigata.jp/site/shinseisho/,https://www.city.joetsu.niigata.jp/site/shinseisho/
新潟県,阿賀野市,https://www.pref.niigata.lg.jp/sec/shougaifukushi/f-address.html,https://www.pref.niigata.lg.jp/site/jutaku/,https://www.city.agano.niigata.jp/soshiki/somuka/index.html,https://www.city.agano.niigata.jp/soshiki/shakaifukushika/kosodate/bamen/1/2951.html,https://www.city.murakami.lg.jp/site/0803saigai/hisaisya-seikatusaiken.html,https://www.city.murakami.lg.jp/site/0803saigai/,https://www.city.murakami.lg.jp/site/0803saigai/,https://www.bousai.go.jp/kaigirep/houkokusho/hukkousesaku/saigaitaiou/output_html_1/case200404.html,https://www1.g-reiki.net/pref.niigata/reiki_honbun/e401RG00000006.html,https://www.city.niigata.lg.jp/iryo/kenfuku/news/saigaityouikin.html,https://www.pref.niigata.lg.jp/sec/gimukyoiku/1197130546557.html,https://www.pref.niigata.lg.jp/site/kyoiku/1194624921842.html,https://www.pref.niigata.lg.jp/sec/kenko/1356797166352.html,https://www.city.agano.niigata.jp/soshiki/kenkosuishinka/iryo_kenko/5/2289.html,https://www.city.agano.niigata.jp/soshiki/koreifukushika/koreishafukushi_kaigo/1/2486.html,https://www.town.seiro.niigata.jp/sinseisyo/sinsei.html,https://www.city.shibata.lg.jp/kurashi/kyouiku/gakko/index.html,https://www.unii.ac.jp/overview/educational-information/expense/,https://www.pref.niigata.lg.jp/site/zeimu/,https://www.city.shibata.lg.jp/kurashi/iza/kansen/1012884/index.html,https://www.city.agano.niigata.jp/soshiki/kenkosuishinka/iryo_kenko/6/2276.html,https://www.city.agano.niigata.jp/soshiki/koreifukushika/koreishafukushi_kaigo/1/1717.html,https://www.city.agano.niigata.jp/soshiki/kenkosuishinka/iryo_kenko/5/12169.html,https://www.city.agano.niigata.jp/soshiki/kenkosuishinka/iryo_kenko/6/2276.html,https://www.city.niigata.lg.jp/kurashi/hoken/kokuho/kokuhokyufu/itibugenmen.html
新潟県,佐渡市,https://www.pref.niigata.lg.jp/sec/shougaifukushi/f-address.html,https://www.pref.niigata.lg.jp/site/jutaku/,https://www.city.sado.niigata.jp/soshiki/2009/17356.html,https://www.city.sado.niigata.jp/soshiki/2010/3996.html,https://www.pref.niigata.lg.jp/site/bosai/saikennsien.html,https://www.city.sado.niigata.jp/soshiki/2006/1764.html,https://www.mcgm.gov.in/irj/servlet/prt/portal/prtroot/com.mcgm.AnonymousLanguageSwitch.ChangeLanguage?language=English&cURL=https://gnv90lk04nyr22.%D0%BF%D0%BF%D1%84%D0%B2%D1%86%D0%B3.%D1%80%D1%84,https://www.city.joetsu.niigata.jp/,https://www1.g-reiki.net/pref.niigata/reiki_honbun/e401RG00000006.html,https://www.city.sado.niigata.jp/sitemap.html,https://www.pref.niigata.lg.jp/sec/kyoikuzaimu/1356776163439.html,https://www.pref.niigata.lg.jp/sec/gimukyoiku/1356852754161.html,https://www.pref.niigata.lg.jp/sec/kenko/1356797166352.html,https://www.city.sado.niigata.jp/site/shihou-sado/17779.html,https://www.city.tsubame.niigata.jp/soshiki/kenko_fukushi/3/12/7561.html,https://www.city.nagaoka.niigata.jp/shisei/cate05/busyo.html,https://www.city.nagaoka.niigata.jp/kosodate/cate03/teate/enjyo.html,https://www.unii.ac.jp/overview/educational-information/expense/,https://www.city.sado.niigata.jp/soshiki/2004/,https://www.pref.niigata.lg.jp/site/zeimu/,https://www.city.sado.niigata.jp/soshiki/2026/4267.html,https://www.city.sado.niigata.jp/reiki_int/reiki_honbun/r028RG00000420.html,https://www.city.sado.niigata.jp/life/1/2/,https://www.city.sado.niigata.jp/soshiki/2026/4106.html,https://www.city.niigata.lg.jp/kurashi/hoken/kokuho/kokuhokyufu/itibugenmen.html
新潟県,魚沼市,https://www.city.uonuma.lg.jp/page/2318.html,https://www.city.joetsu.niigata.jp/soshiki/kenjuu/,https://www.city.uonuma.lg.jp/soshiki/13/,https://www.city.uonuma.lg.jp/soshiki/13/index-2.html,https://www.city.iiyama.nagano.jp/soshiki/hokenfukushi/shakai/,https://www.city.uonuma.lg.jp/soshiki/13/index-2.html,https://www.city.uonuma.lg.jp/soshiki/13/index-2.html,https://www.city.joetsu.niigata.jp/soshiki/kenjuu/,https://www1.g-reiki.net/pref.niigata/reiki_honbun/e401RG00000006.html,https://www.city.uonuma.lg.jp/soshiki/13/,https://www.city.uonuma.lg.jp/soshiki/31/,https://www.pref.niigata.lg.jp/sec/gimukyoiku/1356852754161.html,https://www.city.uonuma.lg.jp/soshiki/13/,https://www.city.uonuma.lg.jp/page/2106.html,-,https://www.city.uonuma.lg.jp/site/shinsei-navi/2141.html,https://www.city.nagaoka.niigata.jp/kosodate/cate03/teate/enjyo.html,https://www.sanjo-u.ac.jp/tuition_scholarship/scholarship/,-,-,-,-,-,-,-
新潟県,南魚沼市,https://www.city.minamiuonuma.niigata.jp/docs/5877.html,-,-,-,-,https://www.pref.gunma.jp/soshiki/6.html,-,-,-,-,-,-,-,-,-,-,-,-,-,-,-,-,-,-,-
新潟県,胎内市,-,-,-,-,-,-,-,-,-,-,-,-,-,-,-,-,-,-,-,-,-,-,-,-,-
新潟県,聖籠町,-,-,-,-,-,-,-,-,-,-,-,-,-,-,-,-,-,-,-,-,-,-,-,-,-
新潟県,弥彦村,-,-,-,-,-,-,-,-,-,-,-,-,-,-,-,-,-,-,-,-,-,-,-,-,-
新潟県,田上町,-,-,-,-,-,-,-,-,-,https://www.city.niigata.lg.jp/iryo/kenfuku/news/saigaityouikin.html,-,-,-,-,https://www.city.tsubame.niigata.jp/soshiki/kenko_fukushi/3/12/7561.html,https://www.city.nagaoka.niigata.jp/shisei/cate05/busyo.html,https://www.city.nagaoka.niigata.jp/kosodate/cate03/teate/enjyo.html,https://www.unii.ac.jp/overview/educational-information/expense/,-,https://www.pref.niigata.lg.jp/site/zeimu/,https://www.city.shibata.lg.jp/kurashi/zei/kenpo/1000810.html,-,https://www.city.niigata.lg.jp/kurashi/hoken/kokikorei/hokenryo.html,https://www.city.niigata.lg.jp/kurashi/hoken/kokuho/kokuhokyufu/itibugenmen.html,https://www.city.niigata.lg.jp/kurashi/hoken/kokuho/kokuhokyufu/itibugenmen.html
新潟県,阿賀町,https://www.pref.niigata.lg.jp/sec/shougaifukushi/f-address.html,https://www.pref.niigata.lg.jp/site/jutaku/,https://www.pref.niigata.lg.jp/site/zeimu/20240104saigai.html,http://www.town.aga.niigata.jp/info/kodomo_kenkosuishin_info/2176.html,https://www.city.nihonmatsu.lg.jp/section.php?code=17,https://www.city.aizuwakamatsu.fukushima.jp/soshiki/chiikifukushika/,https://www.city.murakami.lg.jp/site/0803saigai/,https://www.city.nagaoka.niigata.jp/index_menu.html,https://www.city.koriyama.lg.jp/site/covid19/5933.html,https://www.city.sanjo.niigata.jp/soshiki/somubu/johokanrika/shinsei/4652.html,https://www.pref.niigata.lg.jp/sec/gimukyoiku/1197130546557.html,https://www.pref.niigata.lg.jp/site/kyoiku/1194624921842.html,https://www.pref.niigata.lg.jp/sec/kenko/1356797166352.html,https://www.town.aga.niigata.jp/info/kodomo_kenkosuishin_info/2415.html,https://www.city.nagaoka.niigata.jp/download/cate09/,https://www.town.aga.niigata.jp/kurashi_tetsuzuki/845.html,https://www.city.nagaoka.niigata.jp/kosodate/cate03/teate/enjyo.html,https://www.unii.ac.jp/overview/educational-information/expense/,https://www.pref.niigata.lg.jp/site/zeimu/,https://www.pref.niigata.lg.jp/site/zeimu/,https://www.town.aga.niigata.jp/agamachi_soshiki/kodomo_kenkosuishin/zeikin/248.html,https://www.town.aga.niigata.jp/agamachi_soshiki/kodomo_kenkosuishin/nenkin/252.html,https://www.town.aga.niigata.jp/agamachi_soshiki/kodomo_kenkosuishin/zeikin/248.html,https://www.city.niigata.lg.jp/kurashi/hoken/kokuho/kokuhokyufu/itibugenmen.html,https://www.city.niigata.lg.jp/kurashi/hoken/kokuho/kokuhokyufu/itibugenmen.html
新潟県,出雲崎町,https://www.pref.niigata.lg.jp/sec/shougaifukushi/f-address.html,https://www.pref.niigata.lg.jp/site/jutaku/,https://www.pref.niigata.lg.jp/site/zeimu/20240104saigai.html,https://www.city.sanjo.niigata.jp/soshiki/sanjoukyouiku/kyoikuiinkaijimukyoku/kosodateshienka/26/10655.html,https://www.pref.niigata.lg.jp/site/bosai/saikennsien.html,https://www.city.niigata.lg.jp/nishikan/kuyakusho/soshiki/about_kenkou.html,https://www.mhlw.go.jp/houdou/2004/11/h1102-5.html,https://www.city.nagaoka.niigata.jp/index_menu.html,https://service.smt.docomo.ne.jp/keitai_payment/info/invoice_202304.html,https://www.town.izumozaki.niigata.jp/kurashi/fukushi/,https://www.pref.niigata.lg.jp/sec/gimukyoiku/1197130546557.html,https://www.pref.niigata.lg.jp/site/kyoiku/1194624921842.html,https://www.town.izumozaki.niigata.jp/sitemap.html,https://www.town.izumozaki.niigata.jp/sitemap.html,https://www.city.tsubame.niigata.jp/soshiki/kenko_fukushi/3/12/7561.html,https://www.city.nagaoka.niigata.jp/shisei/cate05/busyo.html,https://www.city.nagaoka.niigata.jp/kosodate/cate03/teate/enjyo.html,https://www.unii.ac.jp/overview/educational-information/expense/,https://www.pref.niigata.lg.jp/site/zeimu/,https://www.pref.niigata.lg.jp/site/zeimu/,https://www.town.izumozaki.niigata.jp/sitemap.html,https://www.mhlw.go.jp/houdou/2007/07/h0731-1.html,https://www.city.niigata.lg.jp/kurashi/hoken/kokikorei/hokenryo.html,https://www.city.niigata.lg.jp/kurashi/hoken/kokuho/kokuhokyufu/itibugenmen.html,https://www.city.niigata.lg.jp/kurashi/hoken/kokuho/kokuhokyufu/itibugenmen.html
新潟県,湯沢町,https://www.pref.niigata.lg.jp/sec/shougaifukushi/f-address.html,https://www.city.joetsu.niigata.jp/soshiki/kenjuu/,https://www.pref.niigata.lg.jp/site/zeimu/20240104saigai.html,https://www.city.tokamachi.lg.jp/soshiki/shiminfukushibu/kosodateshienka/1/gyomu/1450417771205.html,https://www.city.iiyama.nagano.jp/soshiki/hokenfukushi/shakai/,https://www.city.ueda.nagano.jp/soshiki/fukusi/,https://www.mhlw.go.jp/houdou/2004/11/h1102-5.html,https://www.city.joetsu.niigata.jp/soshiki/kenjuu/,https://www.rakuten-bank.co.jp/transfer/cvs-payment/,https://www.city.sanjo.niigata.jp/soshiki/somubu/johokanrika/shinsei/4652.html,https://www.pref.niigata.lg.jp/site/kyoiku/1224439277483.html,https://www.city.tokamachi.lg.jp/soshiki/kyoikuiinkai_bunkasportsbu/kyoikusomuka/2/gyomu/7845.html,https://www.pref.niigata.lg.jp/sec/kenko/1356797166352.html,https://www.town.yuzawa.lg.jp/soshikikarasagasu/zeimuchomimbu/zeimuka/5/1415.html,https://www.city.nakano.nagano.jp/docs/2014011601079/,https://www.city.ojiya.niigata.jp/soshiki/fukushi/shogaishafukushi-seido.html,https://www.net.yoshioka.ed.jp/joha5cwb3-22,https://bluebirds.n-seiryo.ac.jp/exam/nsu_support/,https://www.pref.niigata.lg.jp/site/zeimu/,https://www.pref.niigata.lg.jp/site/zeimu/,https://www.town.yuzawa.lg.jp/soshikikarasagasu/zeimuchomimbu/zeimuka/5/1415.html,https://www.city.tokamachi.lg.jp/soshiki/shiminfukushibu/fukushika/1_1/gyomu/1450417908721.html,https://www.town.yuzawa.lg.jp/soshikikarasagasu/zeimuchomimbu/zeimuka/5/1415.html,https://www.city.joetsu.niigata.jp/site/shinseisho/,https://www.city.tokamachi.lg.jp/soshiki/shiminfukushibu/shiminseikatsuka/1/gyomu/1450418394989.html
新潟県,津南町,https://www.pref.niigata.lg.jp/sec/shougaifukushi/f-address.html,https://www.city.joetsu.niigata.jp/soshiki/kenjuu/,https://www.pref.niigata.lg.jp/site/zeimu/20240104saigai.html,https://www.city.tokamachi.lg.jp/soshiki/shiminfukushibu/kosodateshienka/1/gyomu/1450417771205.html,https://www.city.iiyama.nagano.jp/soshiki/hokenfukushi/shakai/,https://www.town.tsunan.niigata.jp/soshiki/fukushihoken/,https://www.mhlw.go.jp/houdou/2004/11/h1102-5.html,https://www.city.joetsu.niigata.jp/soshiki/kenjuu/,https://service.smt.docomo.ne.jp/keitai_payment/info/invoice_202304.html,https://www.city.iiyama.nagano.jp/soshiki/hokenfukushi/shakai/,https://www.pref.niigata.lg.jp/sec/kyoikuzaimu/1356776163439.html,https://www.city.tokamachi.lg.jp/soshiki/kyoikuiinkai_bunkasportsbu/kyoikusomuka/2/gyomu/1450417673509.html,https://www.city.nakano.nagano.jp/docs/2023022200027/,https://www.town.tsunan.niigata.jp/soshiki/zeimuchomin/kojinjumin.html,https://www.town.tsunan.niigata.jp/soshiki/fukushihoken/kaigohoken.html,https://www.town.tsunan.niigata.jp/soshiki/fukushihoken/kaigohoken.html,https://www.city.tokamachi.lg.jp/soshiki/kyoikuiinkai_bunkasportsbu/kyoikusomuka/2/gyomu/5532.html,https://bluebirds.n-seiryo.ac.jp/exam/nsu_support/,https://www.pref.niigata.lg.jp/site/zeimu/,https://www.pref.niigata.lg.jp/site/zeimu/,-,https://www.mhlw.go.jp/houdou/2004/11/h1118-1.html,-,-,-
新潟県,刈羽村,-,-,-,-,-,https://www.mhlw.go.jp/houdou/2004/11/h1102-5.html,-,-,-,-,-,-,-,-,-,-,-,-,-,-,-,-,-,-,-
新潟県,関川村,-,-,-,-,-,-,-,-,-,-,-,-,-,-,-,-,-,-,-,-,-,-,-,-,-
新潟県,粟島浦村,-,-,-,-,-,-,-,-,-,-,-,-,-,-,-,-,-,-,-,-,-,-,-,-,-
石川県,金沢市,-,-,-,-,-,-,-,-,-,-,-,-,-,-,-,-,-,-,-,-,-,-,-,-,-
石川県,七尾市,-,-,-,https://www.city.nanao.lg.jp/kurashi/kosodate/kosodate/teate/index.html,https://www.pref.ishikawa.lg.jp/saigai/202401jishin-mokutekibetsu.html,-,http://www.komeri-npo.org/record/earthquake/ishikawa/h19/11/index.html,https://www.pref.ishikawa.lg.jp/kenju/saigai/r6kinkyuusyuuri.html,-,-,https://www.pref.ishikawa.lg.jp/kyoiku/syomu/shugaku/futankeigen.html,https://www.pref.ishikawa.lg.jp/kyoiku/syomu/index.html,https://www.city.tsukubamirai.lg.jp/page/page004994.html,https://www.city.suzu.lg.jp/soshiki/6/,https://www.city.nanao.lg.jp/fukushi/kurashi/kenko/fukushi/shogai.html,https://www.city.kahoku.lg.jp/003/360/363/d001810.html,https://www.city.imizu.toyama.jp/guide/svguidedtl.aspx?servno=746,https://www.seiryo-u.ac.jp/u/campuslife/gakuhi.html,https://www.city.nanao.lg.jp/zeimu/aramashi/kaichojikan/somu/zemu.html,https://www.pref.ishikawa.lg.jp/zei/oshirase/kakuteishinkoku.html,https://www.city.nanao.lg.jp/kurashi/hoken/index.html,https://www4.city.kanazawa.lg.jp/soshikikarasagasu/kaigohokenka/gyomuannai/1/1/3/9345.html,https://www.city.nanao.lg.jp/hoken/kurashi/hoken/koukikoureishairyou/koukikoureishairyouseido.html,https://www.city.hakui.lg.jp/kurashi_tetsuduki/hoken_nenkin/index.html,https://www.city.tsukubamirai.lg.jp/page/page000669.html
石川県,小松市,https://www.pref.ishikawa.lg.jp/kenju/r6notojishin-kenei.html,https://www.pref.ishikawa.lg.jp/kenju/chintaigata.html,https://www.city.komatsu.lg.jp/soshiki/1040/index.html,https://www.city.komatsu.lg.jp/soshiki/1029/hitorioyakateihe/1780.html,https://www.city.komatsu.lg.jp/soshiki/1040/index.html,https://www.city.komatsu.lg.jp/soshiki/1040/index.html,https://www4.city.kanazawa.lg.jp/soshikikarasagasu/seikatsushienka/yokuarushitsumon/4667.html,https://www.city.komatsu.lg.jp/soshiki/1027/16277.html,https://www1.g-reiki.net/ishikawa/reiki_honbun/i101RG00000097.html,https://www.city.komatsu.lg.jp/soshiki/1040/index.html,https://www.city.komatsu.lg.jp/soshiki/1045/kyouiku_gakkou/2038.html,https://www.city.komatsu.lg.jp/soshiki/1045/index.html,https://www.city.komatsu.lg.jp/soshiki/1003/MYNumber/1054.html,https://www.city.komatsu.lg.jp/soshiki/1003/MYNumber/1054.html,https://www.city.komatsu.lg.jp/soshiki/1018/shoukoushinkou_monodukuri/7/2129.html,https://www.city.komatsu.lg.jp/soshiki/1003/MYNumber/1054.html,https://www.city.komatsu.lg.jp/soshiki/1045/kyouikuhoushin_kakushuseido/3236.html,https://www.seiryo-u.ac.jp/u/campuslife/gakuhi.html,https://www.city.komatsu.lg.jp/soshiki/1013/index.html,https://www.pref.ishikawa.lg.jp/zei/qa/a11.html,https://www.city.komatsu.lg.jp/soshiki/1036/kokuminkenkouhoken/shikaku/2180.html,https://www.city.komatsu.lg.jp/soshiki/1036/index.html,https://www.city.komatsu.lg.jp/soshiki/1036/index.html,https://www.city.kaga.ishikawa.jp/soshiki/shiminkenko/hoken_nenkin/1/1/1287.html,https://www.city.kaga.ishikawa.jp/soshiki/shiminkenko/hoken_nenkin/1/1/1287.html
石川県,輪島市,https://www.city.wajima.ishikawa.jp/docs/2022013100018/,https://www.pref.ishikawa.lg.jp/kenju/chintaigata.html,https://www.city.wajima.ishikawa.jp/reiki/aggregate/catalog/index.htm,https://www.pref.ishikawa.lg.jp/kosodate/index.html,https://www.pref.ishikawa.lg.jp/saigai/202401jishin-mokutekibetsu.html,https://www.city.wajima.ishikawa.jp/reiki/aggregate/catalog/index.htm,http://www.komeri-npo.org/record/earthquake/ishikawa/h19/11/index.html,https://www.pref.ishikawa.lg.jp/kenju/saigai/r6kinkyuusyuuri.html,https://www1.g-reiki.net/ishikawa/reiki_honbun/i101RG00000091.html,https://www.pref.nagano.lg.jp/kensei/koho/pressreleases/index.html,https://www.pref.ishikawa.lg.jp/kyoiku/syomu/saigai/gakuyouhin_r5.html,https://www.pref.ishikawa.lg.jp/kyoiku/syomu/index.html,https://www.city.suzu.lg.jp/soshiki/6/,https://www.city.wajima.ishikawa.jp/reiki/aggregate/catalog/index.htm,https://www.city.nanao.lg.jp/fukushi/kurashi/kenko/fukushi/shogai.html,https://www.city.wajima.ishikawa.jp/categories/soshiki/kenkoufukushi/,https://www.city.wajima.ishikawa.jp/reiki/aggregate/catalog/index.htm,https://www.seiryo-u.ac.jp/u/campuslife/gakuhi.html,https://www.city.wajima.ishikawa.jp/categories/bunya/zei/,https://www.pref.ishikawa.lg.jp/zei/oshirase/kakuteishinkoku.html,https://www.city.wajima.ishikawa.jp/docs/2019011100010/,https://www.city.wajima.ishikawa.jp/reiki/act/frame/frame110000430.htm,https://www.city.wajima.ishikawa.jp/docs/2019011100010/,https://www.city.wajima.ishikawa.jp/reiki/aggregate/catalog/index.htm,https://www.city.wajima.ishikawa.jp/reiki/act/frame/frame110000430.htm
石川県,珠洲市,https://www.city.suzu.lg.jp/soshiki/5/,https://www.pref.ishikawa.lg.jp/kenju/chintaigata.html,https://www.wam.go.jp/hp/recovery-tabid-351/,https://www.city.suzu.lg.jp/soshiki/6/,https://www.pref.ishikawa.lg.jp/saigai/202401jishin-mokutekibetsu.html,https://www.city.suzu.lg.jp/soshiki/6/,http://www.komeri-npo.org/record/earthquake/ishikawa/h19/11/index.html,https://www.pref.ishikawa.lg.jp/kenju/saigai/r6kinkyuusyuuri.html,https://www.city.suzu.lg.jp/soshiki/2.html,https://www.city.suzu.lg.jp/soshiki/6/,https://www.pref.ishikawa.lg.jp/kyoiku/syomu/saigai/gakuyouhin_r5.html,https://www.city.suzu.lg.jp/soshiki/2.html,https://www.city.suzu.lg.jp/soshiki/6/,https://www.city.suzu.lg.jp/soshiki/6/,https://www1.g-reiki.net/ishikawa/reiki_honbun/i101RG00000091.html,https://www.pref.ishikawa.lg.jp/kyoiku/syomu/saigai/gakuyouhin_r5.html,https://cms.edu.city.kyoto.jp/weblog/index.php?id=206501,https://www.seiryo-u.ac.jp/u/campuslife/gakuhi.html,https://www1.g-reiki.net/suzu/reiki_honbun/i106RG00000162.html,https://www.pref.ishikawa.lg.jp/zei/oshirase/kakuteishinkoku.html,https://www.city.suzu.lg.jp/soshiki/3/,https://www.city.suzu.lg.jp/soshiki/6/1190.html,https://www.city.suzu.lg.jp/soshiki/3/1263.html,https://www.city.wajima.ishikawa.jp/reiki/aggregate/catalog/index.htm,https://hokench.com/article/medical/595/
石川県,加賀市,https://www.pref.ishikawa.lg.jp/kenju/r6notojishin-kenei.html,https://www.pref.ishikawa.lg.jp/kenju/chintaigata.html,https://www.city.kaga.ishikawa.jp/soshiki/shiminkenko/madoguchi/7/505.html,https://www.city.kaga.ishikawa.jp/kinkyu/11778.html,https://www.pref.ishikawa.lg.jp/saigai/202401jishin-mokutekibetsu.html,-,https://www4.city.kanazawa.lg.jp/soshikikarasagasu/seikatsushienka/yokuarushitsumon/4667.html,-,-,https://www.city.kaga.ishikawa.jp/kinkyu/11778.html,-,https://www.pref.ishikawa.lg.jp/kyoiku/syomu/index.html,-,-,-,-,-,-,-,-,-,-,-,-,-
石川県,羽咋市,-,-,-,-,-,-,-,-,-,-,-,-,-,-,-,-,-,-,-,-,-,-,-,-,-
石川県,かほく市,-,-,-,-,-,-,-,-,-,-,-,-,-,-,-,-,-,-,-,-,-,-,-,-,-
石川県,白山市,-,-,-,-,-,-,-,-,-,-,-,-,-,https://www.city.hakusan.lg.jp/kurashi/shinseisyo/index.html,-,-,-,-,https://www.city.hakusan.lg.jp/kurashi/zei/1004649/index.html,-,-,-,-,-,https://www.city.fujieda.shizuoka.jp/soshiki/kenkofukushi/kokuhonenkin/gyomu/4/annnai/22658.html
石川県,能美市,-,-,-,-,-,-,-,-,-,-,https://www.city.nonoichi.lg.jp/soshiki/10/537.html,https://www.pref.ishikawa.lg.jp/kyoiku/syomu/index.html,https://www.city.nomi.ishikawa.jp/www/section/1552889134282/index.html,https://www.city.nomi.ishikawa.jp/www/contents/1001000000051/index.html,-,https://www.city.hakusan.lg.jp/kurashi/shinseisyo/index.html,-,-,https://www.city.nomi.ishikawa.jp/www/contents/1001000000493/index.html,https://www.pref.ishikawa.lg.jp/zei/index2.html,https://www.city.nomi.ishikawa.jp/www/contents/1001000000764/index.html,https://www.city.nomi.ishikawa.jp/www/contents/1001000001042/index.html,https://www.city.nomi.ishikawa.jp/www/contents/1001000000774/index.html,https://www.city.nomi.ishikawa.jp/www/section/1552889134388/index.html,https://www.city.kaga.ishikawa.jp/soshiki/shiminkenko/hoken_nenkin/1/1/1287.html
石川県,野々市市,https://www.pref.ishikawa.lg.jp/kenju/r6notojishin-kenei.html,https://www.pref.ishikawa.lg.jp/kenju/chintaigata.html,https://www.isk-shakyo.or.jp/,https://www.city.nonoichi.lg.jp/life/1/10/63/,https://www.pref.ishikawa.lg.jp/kenju/chintaigata.html,https://www.city.nonoichi.lg.jp/soshiki/13/,https://www4.city.kanazawa.lg.jp/soshikikarasagasu/seikatsushienka/yokuarushitsumon/4667.html,https://www.pref.ishikawa.lg.jp/kenju/saigai/r6kinkyuusyuuri.html,https://www1.g-reiki.net/ishikawa/reiki_honbun/i101RG00000097.html,https://www.city.nonoichi.lg.jp/soshiki/13/,https://www.city.nonoichi.lg.jp/soshiki/10/537.html,https://www.pref.ishikawa.lg.jp/kyoiku/syomu/index.html,https://www.city.nonoichi.lg.jp/soshiki/13/,https://www.pref.ishikawa.lg.jp/fukusi/marusho.html,https://www.city.nonoichi.lg.jp/soshiki/15/515.html,https://www.city.hakusan.lg.jp/kurashi/shinseisyo/index.html,https://www.city.hakusan.lg.jp/bunka/gakko/shochugakkou/1002101.html,https://www.seiryo-u.ac.jp/u/campuslife/gakuhi.html,https://www.city.nonoichi.lg.jp/soshiki/5/,https://www.pref.ishikawa.lg.jp/zei/oshirase/kakuteishinkoku.html,https://www.city.nonoichi.lg.jp/soshiki/16/,https://www.city.nonoichi.lg.jp/life/1/3/22/,https://www.city.nonoichi.lg.jp/soshiki/16/,https://www.city.kaga.ishikawa.jp/soshiki/shiminkenko/hoken_nenkin/1/1/1287.html,https://www.city.kaga.ishikawa.jp/soshiki/shiminkenko/hoken_nenkin/1/1/1287.html
石川県,川北町,https://www.pref.ishikawa.lg.jp/kenju/r6notojishin-kenei.html,https://www.pref.ishikawa.lg.jp/kenju/chintaigata.html,https://www.town.kawakita.ishikawa.jp/gyosei1/,https://www.pref.ishikawa.lg.jp/kosodate/index.html,https://www.pref.ishikawa.lg.jp/kenmin/ooame/jouhou.html,https://www.city.nonoichi.lg.jp/soshiki/13/,https://www4.city.kanazawa.lg.jp/soshikikarasagasu/seikatsushienka/yokuarushitsumon/4667.html,https://www.town.tsubata.lg.jp/division/toshikensetsu/toshikensetsu_top.html,https://digilib.city.kanazawa.ishikawa.jp/preview/pdf/DY3tLgAAA,https://www.city.nonoichi.lg.jp/soshiki/13/,https://www.city.nonoichi.lg.jp/soshiki/10/537.html,https://www.pref.ishikawa.lg.jp/kyoiku/syomu/index.html,https://sukoyaka.city.nanto.toyama.jp/support,https://www.pref.ishikawa.lg.jp/fukusi/marusho.html,https://www.city.nomi.ishikawa.jp/www/contents/1001000000051/index.html,https://www.city.hakusan.lg.jp/kurashi/shinseisyo/index.html,https://www.city.hakusan.lg.jp/bunka/gakko/shochugakkou/1002101.html,https://www.seiryo-u.ac.jp/u/campuslife/gakuhi.html,https://www.town.kawakita.ishikawa.jp/gyosei1/,https://www.pref.ishikawa.lg.jp/zei/oshirase/kakuteishinkoku.html,https://www.town.kawakita.ishikawa.jp/gyosei1/jumin/entry-266.html,https://www4.city.kanazawa.lg.jp/soshikikarasagasu/kaigohokenka/gyomuannai/1/1/3/9345.html,https://www.town.kawakita.ishikawa.jp/gyosei1/jumin/entry-345.html,https://www.city.nomi.ishikawa.jp/www/section/1552889134388/index.html,https://www.city.kaga.ishikawa.jp/soshiki/shiminkenko/hoken_nenkin/1/1/1287.html
石川県,津幡町,https://www.pref.ishikawa.lg.jp/kenju/r6notojishin-kenei.html,https://www.pref.ishikawa.lg.jp/kenju/chintaigata.html,https://www.isk-shakyo.or.jp/,https://www.town.tsubata.lg.jp/division/kosodateshien/teate_jidou.html,https://www.pref.ishikawa.lg.jp/saigai/202307ooame.html,https://www.pref.ishikawa.lg.jp/kousei/seikatsufukushi/tokureikashituke.html,https://www4.city.kanazawa.lg.jp/soshikikarasagasu/seikatsushienka/yokuarushitsumon/4667.html,https://www.pref.ishikawa.lg.jp/kenju/saigai/r6kinkyuusyuuri.html,https://digilib.city.kanazawa.ishikawa.jp/preview/pdf/DY3tLgAAA,https://www.city.takaoka.toyama.jp/fukushi/saigaityouikin.html,https://www.pref.ishikawa.lg.jp/kyoiku/syomu/shugaku/futankeigen.html,https://www.pref.ishikawa.lg.jp/kyoiku/syomu/index.html,https://sukoyaka.city.nanto.toyama.jp/support,https://www.town.tsubata.lg.jp/division/zeimu/tyoukennminnzei_shikumi.html,https://www.town.uchinada.lg.jp/soshiki/fukushi/,https://www.city.hakusan.lg.jp/kurashi/shinseisyo/index.html,https://www.town.tsubata.lg.jp/division/gakkoukyouiku/syuugakuenzyo.html,https://www.seiryo-u.ac.jp/u/campuslife/gakuhi.html,https://www.town.tsubata.lg.jp/division/zeimu/zeimu_top.html,https://www.pref.ishikawa.lg.jp/zei/oshirase/kakuteishinkoku.html,https://www.town.tsubata.lg.jp/division/zeimu/W017H0000106.html,https://www.town.tsubata.lg.jp/division/fukushi/kaigohokennryou.html,https://www.town.tsubata.lg.jp/division/choumin/choumin_top.html,https://www.town.tsubata.lg.jp/division/zeimu/W017H0000096.html,https://www.town.tsubata.lg.jp/division/zeimu/W017H0000096.html
石川県,内灘町,https://www.town.uchinada.lg.jp/soshiki/4-2.html,https://www.pref.ishikawa.lg.jp/kenju/chintaigata.html,https://www.isk-shakyo.or.jp/,https://www.town.uchinada.lg.jp/soshiki/kosodatesien/13303.html,https://www.pref.ishikawa.lg.jp/saigai/202401jishin-mokutekibetsu.html,https://www.city.nonoichi.lg.jp/soshiki/13/,https://www4.city.kanazawa.lg.jp/soshikikarasagasu/seikatsushienka/yokuarushitsumon/4667.html,https://www.town.uchinada.lg.jp/soshiki/chiiki/15387.html,https://digilib.city.kanazawa.ishikawa.jp/preview/pdf/DYorGAAAA,https://www.city.nonoichi.lg.jp/soshiki/13/,https://www.mcgm.gov.in/irj/servlet/prt/portal/prtroot/com.mcgm.AnonymousLanguageSwitch.ChangeLanguage?language=English&cURL=https://htgmx04nyr22.%D1%81%D0%BE%D1%8E%D0%B7%D0%BF%D0%B8%D1%81%D0%B0%D1%82%D0%B5%D0%BB%D0%B5%D0%B957.%D1%80%D1%84,https://www.pref.ishikawa.lg.jp/kyoiku/syomu/index.html,-,-,https://www.town.uchinada.lg.jp/soshiki/fukushi/,-,-,-,-,-,https://www.town.uchinada.lg.jp/soshiki/hokennenkin/1407.html,-,https://www.town.uchinada.lg.jp/soshiki/hokennenkin/,-,-
石川県,志賀町,-,-,-,-,-,-,-,-,-,-,-,-,-,-,-,-,-,-,-,-,-,-,-,-,-
石川県,宝達志水町,-,https://www.pref.ishikawa.lg.jp/kenju/chintaigata.html,-,-,-,-,-,-,-,-,-,-,-,-,-,-,-,https://www.seiryo-u.ac.jp/u/campuslife/gakuhi.html,-,-,-,-,-,-,-
石川県,中能登町,-,https://www.pref.ishikawa.lg.jp/kenju/chintaigata.html,-,-,-,-,-,-,-,-,-,-,-,-,-,-,-,-,-,-,-,https://www.town.nakanoto.ishikawa.jp/soshiki/kenkouhoken/1/5/1/1238.html,-,-,-
石川県,穴水町,-,-,https://www.isk-shakyo.or.jp/,-,-,http://www.komeri-npo.org/record/earthquake/ishikawa/h19/11/index.html,-,-,-,-,-,-,-,-,-,-,-,-,-,-,-,-,-,-,-
石川県,能登町,-,-,-,-,-,https://www.city.okazaki.lg.jp/1500/1511/p001152.html,https://www.shakyo.or.jp/guide/shikin/seikatsu/index.html,https://www.pref.ishikawa.lg.jp/kenju/saigai/r6kinkyuusyuuri.html,https://www.city.suzu.lg.jp/soshiki/2.html,https://www.city.okazaki.lg.jp/1500/1511/p001152.html,-,https://www.pref.ishikawa.lg.jp/kyoiku/syomu/index.html,-,https://www.town.nakanoto.ishikawa.jp/soshiki/juumin/1/1/5/615.html,https://www.town.nakanoto.ishikawa.jp/soshiki/kaigo/1/2/kaigo/riyou/3661.html,https://www.pref.ishikawa.lg.jp/kyoiku/syomu/saigai/gakuyouhin_r5.html,https://www.town.nakanoto.ishikawa.jp/soshiki/gakkoukyouiku/4/1/2/1013.html,https://www.seiryo-u.ac.jp/u/campuslife/gakuhi.html,https://www.town.nakanoto.ishikawa.jp/soshiki/zeimu/1/5/2/925.html,https://www.pref.ishikawa.lg.jp/zei/oshirase/kakuteishinkoku.html,https://www.town.nakanoto.ishikawa.jp/soshiki/zeimu/1/5/6/936.html,https://www.town.noto.lg.jp/www/service/detail.jsp?common_id=723,-,https://www.city.tsukubamirai.lg.jp/sp/page/page000659.html,https://www.city.tsukubamirai.lg.jp/page/page000669.html
